"0","avg_gr_group <- grades %>%"
"0","  group_by(Group) %>%"
"0","  summarise(avg_gr = mean(Exam, na.rm = TRUE))"
"0",""
"0","final_graph <- MCQ_missed_gr %>%"
"0","  inner_join(avg_gr_group, by = ""Group"") %>%"
"0","  ggplot(aes(x = P_missed, y= avg_gr)) + geom_point() + geom_smooth(method = ""lm"", se = FALSE, color = ""maroon"") + labs(title = ""The dependence of the final exam grade on missed online tests"", x = ""Missed MCQ grades (in %)"", y = ""Average exam grade"") + theme_minimal()"
"0",""
"0","final_graph"
"0",""
