"0","online_missed <- grades %>%"
"0","  select(Id, starts_with(""Online_MCQ"")) %>%"
"0","  rowwise() %>%"
"0","  mutate(miss_online_gr = sum(is.na(c_across(everything())))) %>%"
"0","  select(Id, miss_online_gr)"
"0",""
"0","online_missed <- grades %>%"
"0","  left_join(online_missed, by = ""Id"")"
"0",""
"0","online_missed_plot <- online_missed %>% ggplot(aes(x = miss_online_gr, y= Exam)) + geom_smooth() + labs(title = ""Dependence of the final exam grade on missed online tests"", x= ""missing online tests"", y= ""grade of the exam"") +theme_minimal()"
"0",""
"0","online_missed_plot"
