{"chunk_definitions":[{"row":17,"row_count":1,"visible":true,"expansion_state":0,"options":{"engine":"r","label":"unnamed-chunk-144"},"document_id":"4A2BAB79","chunk_id":"cn3z52xgphdvy","chunk_label":"unnamed-chunk-1"},{"row":35,"row_count":1,"visible":true,"expansion_state":0,"options":{"engine":"r","label":"unnamed-chunk-145"},"document_id":"4A2BAB79","chunk_id":"c2kvvwp2uqq2e","chunk_label":"unnamed-chunk-2"},{"row":45,"row_count":1,"visible":true,"expansion_state":0,"options":{"engine":"r","label":"unnamed-chunk-146"},"document_id":"4A2BAB79","chunk_id":"c7rjdfii7nd5y","chunk_label":"unnamed-chunk-3"},{"row":57,"row_count":1,"visible":true,"expansion_state":0,"options":{"engine":"r","label":"unnamed-chunk-147"},"document_id":"4A2BAB79","chunk_id":"cds3qw4rzyrgw","chunk_label":"unnamed-chunk-4"},{"row":69,"row_count":1,"visible":true,"expansion_state":0,"options":{"engine":"r","label":"unnamed-chunk-148"},"document_id":"4A2BAB79","chunk_id":"cysoqiagixvsg","chunk_label":"unnamed-chunk-5"},{"row":81,"row_count":1,"visible":true,"expansion_state":0,"options":{"engine":"r","label":"unnamed-chunk-149"},"document_id":"4A2BAB79","chunk_id":"cqhayqtek2xni","chunk_label":"unnamed-chunk-6"},{"row":91,"row_count":1,"visible":true,"expansion_state":0,"options":{"engine":"r","label":"unnamed-chunk-150"},"document_id":"4A2BAB79","chunk_id":"c4gfcakuxbhdr","chunk_label":"unnamed-chunk-7"},{"row":99,"row_count":1,"visible":true,"expansion_state":0,"options":{"engine":"r","label":"unnamed-chunk-151"},"document_id":"4A2BAB79","chunk_id":"c2zkjv4907eqe","chunk_label":"unnamed-chunk-8"},{"row":111,"row_count":1,"visible":true,"expansion_state":0,"options":{"engine":"r","label":"unnamed-chunk-152"},"document_id":"4A2BAB79","chunk_id":"cpsoou5v0q25s","chunk_label":"unnamed-chunk-9"},{"row":119,"row_count":1,"visible":true,"expansion_state":0,"options":{"engine":"r","label":"unnamed-chunk-153"},"document_id":"4A2BAB79","chunk_id":"co1z1oxypqm0b","chunk_label":"unnamed-chunk-10"},{"row":129,"row_count":1,"visible":true,"expansion_state":0,"options":{"engine":"r","label":"unnamed-chunk-154"},"document_id":"4A2BAB79","chunk_id":"cgq4ry6mrxbww","chunk_label":"unnamed-chunk-11"},{"row":139,"row_count":1,"visible":true,"expansion_state":0,"options":{"engine":"r","label":"unnamed-chunk-155"},"document_id":"4A2BAB79","chunk_id":"cxgef15ogs9n4","chunk_label":"unnamed-chunk-12"},{"row":146,"row_count":1,"visible":true,"expansion_state":0,"options":{"engine":"r","label":"unnamed-chunk-156"},"document_id":"4A2BAB79","chunk_id":"c9u15xalmfmzf","chunk_label":"unnamed-chunk-13"},{"row":152,"row_count":1,"visible":true,"expansion_state":0,"options":{"engine":"r","label":"unnamed-chunk-157"},"document_id":"4A2BAB79","chunk_id":"cqn5tb3qn8r6l","chunk_label":"unnamed-chunk-14"},{"row":159,"row_count":1,"visible":true,"expansion_state":0,"options":{"engine":"r","label":"unnamed-chunk-158"},"document_id":"4A2BAB79","chunk_id":"cmswvxl6i4ker","chunk_label":"unnamed-chunk-15"},{"row":170,"row_count":1,"visible":true,"expansion_state":0,"options":{"engine":"r","label":"unnamed-chunk-160"},"document_id":"4A2BAB79","chunk_id":"cih4qq48kppdx","chunk_label":"unnamed-chunk-16"},{"row":187,"row_count":1,"visible":true,"expansion_state":0,"options":{"engine":"r","label":"unnamed-chunk-161"},"document_id":"4A2BAB79","chunk_id":"cr2hv3uxfeuhx","chunk_label":"unnamed-chunk-17"},{"row":199,"row_count":1,"visible":true,"expansion_state":0,"options":{"engine":"r","label":"unnamed-chunk-163"},"document_id":"4A2BAB79","chunk_id":"cwhi92no23hcq","chunk_label":"unnamed-chunk-18"},{"row":212,"row_count":1,"visible":true,"expansion_state":0,"options":{"engine":"r","label":"unnamed-chunk-166"},"document_id":"4A2BAB79","chunk_id":"cc4jxpafxhgpj","chunk_label":"unnamed-chunk-19"},{"row":227,"row_count":1,"visible":true,"expansion_state":0,"options":{"engine":"r","label":"unnamed-chunk-176"},"document_id":"4A2BAB79","chunk_id":"c5nutqngz7qj0","chunk_label":"unnamed-chunk-20"}],"doc_write_time":1699912627,"chunk_rendered_width":550}